abandon,버리다
able,할 수 있는
aboard,배로
abort,중단하다
about,~에 대한
above,~ 위에
abroad,해외에서
absent,결석한
absolute,순수한
absorb,흡수하다
abstract,추상적인
absurd,터무니없는
abundant,풍부한
abuse,남용
academy,학원
accelerate,가속하다
accent,악센트
accept,수용하다
access,입장
accident,사고
accommodate,수용하다
accompany,동반하다
accomplish,성취하다
accord,일치
account,계정
accumulate,축적하다
accurate,정확한
accuse,고발하다
achieve,성취하다
acid,산
acknowledge,인정하다
acquaint,의히 알게 하다
acquire,습득하다
acquisition,인수
across,가로질러
act,행동
activate,활성화하다
actual,실제
acute,심각한
adapt,적응하다
add,추가하다
addict,중독자
address,주소
adequate,적절한
adjust,조정하다
administer,관리하다
admire,존경하다
admission,가입
admit,인정하다
adolescent,한창 젊은
adopt,입양하다
adult,성인
advance,전진
advantage,이점
adventure,모험
adverse,불리한
advertize,광고하다
advise,권하다
advocate,지지하다
aesthetic,미적인
affair,일
affect,영향을 미치다
affection,애정
affiliate,제휴하다
afford,여유가 되다
afraid,두려워하는
after,~ 후에
afternoon,오후
again,다시
against,~에 맞서
age,나이
agency,대행사
agenda,의제
agent,대리인
aggressive,공격적인
ago,~ 전에
agree,동의하다
agriculture,농업
ahead,앞으로
aid,지원
aim,목표
air,공기
airplane,비행기
aircraft,항공기
airline,공기 호스
airport,공항
aisle,통로
alert,알리다
alien,외계인
alike,서로 같은
alive,살아 있는
all,모두
allocate,할당하다
allow,허용하다
ally,동맹국
almost,거의
alone,홀로
along,~을 따라
alongside,나란히
aloud,소리 내어
already,이미
alright,괜찮은
also,또한
alter,바꾸다
alternative,대안
although,하지만
altogether,전부
always,언제나
A.M.,오전.
amaze,놀리다
ambassador,대사
ambition,큰 뜻
among,~ 중에
amount,양
amplify,더욱 상세히하다
amuse,기쁘게하다
analyze,분석하다
anchor,닻
ancient,고대의
and,그리고
angel,천사
anger,화
angle,각도
animal,동물
anniversary,기념일
announce,발표하다
annoy,짜증나게 하다
annual,연간
another,또 다른
answer,답변
ant,개미
anticipate,예상하다
anxiety,불안
anxious,불안해하는
any,어느
apart,따로
apology,사과
apparent,명백한
appeal,항소
appear,나타나다
apple,사과
applicant,응모자
apply,적용하다
appoint,정하다
appreciate,고마워하다
approach,접근하다
appropriate,적절한
approve,승인하다
approximate,근사치를 내다
architect,건축가
architecture,건축학
archive,보관소
area,영역
argue,다투다
arise,생기다
arm,팔
army,군대
around,약
arrange,마련하다
arrest,체포
arrive,도착하다
arrow,화살
art,미술
article,기사
artificial,인공의
as,~처럼
ash,금연 건강 증진 협회
aside,곁에
ask,묻다
asleep,죽어
aspect,측면
aspire,열망하다
assault,폭행
assemble,모으다
assert,주장하다
assess,평가하다
asset,유산
assign,양수인
assist,돕다
associate,연관짓다
assume,추정하다
assure,확신하다
astonish,놀라게 하다
at,~에
athlete,운동 선수
atmosphere,대기
atom,원자
attach,붙이다
attack,공격
attain,달성하다
attempt,시도
attend,참석하다
attention,주목
attitude,태도
attorney,변호사
attract,끌어 들이다
attribute,기인하다
auction,경매
audience,청중
aunt,이모
authentic,진본인
author,작가
autobiography,자서전
automatic,자동적 인
automobile,자동차
available,사용 가능
avenue,수단
average,평균
avoid,피하다
await,기다리다
awake,깨어 있는
award,상
aware,알고 있는
away,떨어져 있는
awesome,엄청난
awful,끔찍한
awkward,어색한
baby,아기
back,뒤쪽에
background,배경
bad,나쁜
bake,빵 굽기
balance,균형
ball,공
balloon,풍선
ban,반
band,밴드
bang,쾅
bank,은행
bankrupt,파산한
bar,술집
bare,없는
bargain,싸게 사는 물건
bark,짖다
barn,외양간
barrier,장벽
base,베이스
baseball,야구
basic,기초적인
basis,기초
basket,바구니
basketball,농구
bat,박쥐
bath,욕조
bathroom,화장실
battery,배터리
battle,전투
bay,만
be,BE
beach,해변
beam,빔
bean,콩
bear,곰
beard,수염
beast,짐승
beat,이기다
beauty,아름다움
because,왜냐하면
become,~이 되다
bed,침대
bedroom,침실
bee,벌
beef,소고기
beer,맥주
before,~ 전에
beg,빌다
begin,시작하다
behalf,이익
behave,행동하다
behavior,행동
behind,뒤에
believe,믿다
bell,벨
belong,제자리에 있다
below,아래에
bend,굽히다
beneath,~ 아래에
benefit,혜택
berry,말린 씨앗
beside,옆에
bet,내기
betray,무심코 드러내다
between,~ 사이
beyond,그 너머에
bias,편견
bible,성경
bicycle,자전거
big,큰
bill,청구서
billion,10억
bin,큰 상자
bind,묶다
biography,전기
biology,생물학
bird,새
birth,출생
birthday,생일
bishop,주교
bit,조금
bite,깨물다
bitter,격렬한
black,검은색
blame,탓하다
blank,공백
blanket,담요
blast,폭발
blend,혼합하다
bless,신을 하다
blind,눈이 먼
blink,깜박거리다
block,차단하다
blonde,금발의
blood,피
bloom,꽃
blossom,꽃
blow,불다
blue,파란색
board,판자
boat,보트
body,몸
boil,종기
bold,용감한
bomb,폭탄
bond,노예
bone,뼈
book,책
boom,팔
boost,후원
boot,신병
border,국경
bore,구경
borrow,빌리다
boss,사장
both,둘 다
bother,신경 쓰다
bottle,병
bottom,맨 아래
bounce,되튐
boundary,경계
bow,절하다
bowl,그릇
boy,소년
brain,뇌
brake,브레이크
branch,나뭇가지
brand,상표
brave,용감한
bread,빵
break,부서지다
breakfast,아침
breast,가슴
breathe,숨 쉬다
breed,새끼를 낳다
breeze,미풍
brew,꾸미다
brick,벽돌
bride,신부
bridge,다리
brief,짧은
bright,밝은
brilliant,멋진
bring,가져오다
broad,넓은
broadcast,방송
brother,형제
brown,갈색
brush,브러시
brute,짐승
bubble,거품
budget,예산
bug,벌레
build,짓다
bulk,대부분
bull,황소
bullet,총알
bully,괴롭히는 사람
bump,충돌
bunch,다발
bundle,묶음
burden,부담
burn,불타다
burst,터지다
bury,묻다
bush,부시
business,사업
busy,바쁘다
but,하지만
butcher,푸줏간
button,단추
buy,구입하다
buzz,버저 소리
by,~에 의해
cab,택시
cabin,선실
cable,케이블
cage,새장
calculate,계산하다
calendar,달력
call,부르다
calm,침착한
can,~할 수 있다
cancel,취소
cancer,암
candidate,후보자
candy,사탕
canvas,캔버스
cap,캡
capable,유능한
cape,...곶
capital,수도
captain,선장
caption,표제
capture,포착
car,자동차
care,케어
career,직업
carrot,당근
carry,나르다
cart,카트
carve,새기다
case,사례
cash,현금
cast,깁스
castle,성
casual,평상복
cat,고양이
catch,잡다
category,범주
cater,네 끗패
cathedral,성당
cattle,가축
causal,인과적인
cause,원인
caution,주의
cave,동굴
cease,중지
ceiling,천장
celebrate,축하하다
celebrity,유명 인사
cell,셀
censor,검열
century,세기
certain,확실한
certificate,자격증
chain,체인
chair,의자
chairman,의장
challenge,도전
chamber,방
chance,가능성
change,변화
chaos,혼돈
character,성격
characteristic,특성
charge,요금
charity,자선 단체
charm,매력
chase,뒤쫓다다
chat,채팅
cheap,값이 싼
check,확인하다
cheek,볼
cheer,환호
chef,요리사
chemical,화학적인
chemistry,화학
chest,가슴
chew,씹다
chief,셰프
child,어린이
chill,냉기
chin,턱
chip,칩
choir,성가대
choose,선택하다
chop,촙
chorus,합창
chronic,만성병 환자
church,교회
cigarette,담배
cinema,영화
circle,원
circulate,돌리다
circumstance,상황
cite,인용하다
citizen,시민
city,도시
civil,예의 바른
claim,주장하다
clap,박수
clarify,밝히다
clash,충돌
class,수업
classic,권위 있는
classify,나누다
classroom,교실
clause,절
clay,점토
clean,깨끗한
clear,분명한
clerk,사무원
clever,영리한
client,고객
cliff,낭떠러지
climate,기후
climb,오르다
cling,달라붙다
clinic,진료소
clip,클립
clock,시계
close,닫다
cloth,옷감
cloud,구름
club,클럽
clue,단서
cluster,무리
coach,코치
coal,석탄
coast,해안
code,암호
coin,동전
coincide,일치하다
cold,추운
collaborate,협력하다
collapse,무너지다
collar,칼라
colleague,동료
collect,모으다
college,대학
colony,식민지
color,색상
column,열
combat,전투
combine,결합하다
come,오다
comedy,코메디
comfort,편안
command,명령
commence,시작하다
comment,논평
commerce,상업
commission,수수료
commit,저지르다
committee,위원회
commodity,상품
communicate,의사소통하다
communist,공산주의자
community,지역 사회
companion,동반자
company,회사
compare,비교하다
compatible,호환 가능
compel,강요하다
compensate,보상하다
compete,경쟁하다
competent,능숙한
compile,엮다
complain,불평하다
complement,보어
complete,완벽한
complex,복잡한
complicate,복잡하다
component,요소
compose,구성하다
compound,화합물
comprehensive,포괄적인
comprise,이루다
compromise,타협
compulsory,의무적 인
conceal,숨기다
conceive,배다
concentrate,집중하다
concept,개념
concern,우려
concert,콘서트
conclude,끝내다
concrete,콘크리트
condemn,비난하다
condition,상태
conduct,지휘하다
confer,봉하다
confess,불다
confident,자신감
confine,가두다
confirm,확인하다
conflict,갈등
conform,순응하다
confront,직면하다
confuse,혼란시키다
congratulate,축하하다
congress,회의
connect,연결하다
conscience,양심
conscious,의식하는
consensus,의견 일치
consent,동의
conserve,보존
consider,고려하다
consist,이루어져 있다
consistent,일관된
constant,끊임없는
constitute,구성하다
constrain,억누르다
construct,건설하다
consult,찾다
consume,소비하다
contact,연락하다
contain,포함하다
contemporary,현대의
contend,다투다
content,콘텐츠
contest,대회
context,문맥
continent,대륙
continue,계속하다
contract,계약
contradict,모순되다
contrary,반대되는
contrast,차이
contribute,기여하다
control,제어
controversy,논쟁
convenient,편리한
convention,협약
conversation,대화
convert,전환하다
convey,전달하다
convict,죄수
convince,확신시키다
cook,요리하다
cookie,쿠키
cool,시원한
cooperate,협력
coordinate,동등 어구
cop,순경
cope,코프
copy,복사
copyright,저작권
cord,코드
core,핵심
corn,옥수수
corner,모서리
corporate,기업
correct,옳은
correspond,대응하다
corridor,복도
corrupt,부정한
cost,비용
costume,복장
cottage,시골집
cotton,면
couch,침상
cough,기침
could,~할 수 있었다
council,이사회
counsel,조언
count,세다
counter,카운터
counterpart,짝
country,국가
countryside,한 지방
county,군
couple,커플
courage,용기
cousin,사촌
cover,씌우다
cow,암소
cowboy,카우보이
crack,금이 가다
craft,선박
crash,충돌
crawl,기다
crazy,미친
create,만들다
creature,생물
credible,신뢰할 수 있는
credit,신용 거래
creek,작은 만
creep,살금살금 기다
crew,승무원
cricket,크리켓
crime,범죄
criminal,범인
crisis,위기
crisp,상쾌한
criteria,기준
critic,비평가
criticize,흠잡다
criticism,비판
crop,수확고
cross,십자가
crowd,군중
crown,왕관
crucial,중대한
cruel,잔혹한
cruise,크루즈
crush,으깨다
cry,울다
crystal,결정
cultivate,기르다
culture,문화
cupboard,찬장
cure,치유법
curious,궁금한
curl,곱슬 곱슬하다
currency,통화
current,현재의
curriculum,과정
curry,카레
curse,저주
curtain,커튼
curve,곡선
custody,보관
custom,관습
customer,고객
cut,자르다
cute,귀여운
cycle,주기
cynical,냉소적인
dad,아빠
dairy,낙농
dam,댐
damage,손상
damp,습기
dance,춤
danger,위험
dare,도전
dark,어두운
darling,여보
dash,대시
database,데이터 베이스
date,날짜
daughter,딸
dawn,새벽
day,낮
dead,죽은
deal,거래
death,죽음
debate,토론
debt,빚
decade,10년
decay,부식
decent,품위 있는
decide,결정하다
decision,결정
deck,갑판
declare,선언하다
decline,감소
decorate,장식하다
decrease,감소하다
dedicate,전념하다
deep,깊은
defeat,패배시키다
defense,방어
defend,지키다
defendant,피고
deficiency,부족
deficit,적자
define,정의하다
definite,명확한
degrade,저하하다
degree,도
delay,지연
delegate,대리자
delete,삭제
deliberate,고의의
delicate,연약한
delicious,맛있는
delight,기쁨
deliver,배달하다
demand,수요
democracy,민주주의
democrat,민주당
demon,악마
demonstrate,입증하다
dense,밀집한
dentist,치과 의사
deny,부인하다
department,부서
departure,출발
depend,의존하다
dependence,의존
depict,묘사하다
deposit,보증금
depress,내리 누르다
deprive,빼앗다
derive,파생하다
descend,하강하다
describe,설명하다
description,설명
desert,사막
deserve,~ 받을 만하다
design,설계
designate,가리키다
desire,욕구
desk,책상
despair,절망
desperate,자포자기한
despite,~에도 불구하고
destination,목적지
destiny,운명
destroy,파괴하다
destruction,파괴
detach,분리하다
detail,세부 사항
detect,감지하다
determine,결정하다
develop,개발하다
device,장치
devil,악마
devise,유증
devote,바치다
diabetes,당뇨병
dialogue,대화
diary,다이어리
dictate,명령
dictionary,사전
die,주사위
different,다른
difficult,어려운
dig,파기
dignity,위엄
dimension,치수
diminish,줄다
dine,식사하다
dinner,저녁
dip,담그다
diplomat,외교관
direct,직접
dirty,더러운
disabled,장애가 있는
disadvantage,불리
disagree,동의하지 않는다
disappear,사라지다
disappoint,어긋나게 하다
disaster,재해
discharge,해고하다
discipline,규율
disclose,드러내다
discount,할인
discourse,담화
discover,발견하다
discriminate,차별하다
discuss,논의하다
disease,질병
disgust,싫음
dish,접시
dismiss,해고하다
disorder,무질서
displace,대신 들어서다
display,표시하다
dispose,처분하다
dispute,논쟁
disrupt,방해하다
distant,먼
distort,왜곡하다
distract,괴롭히다
distribute,분배하다
district,구역
disturb,방해하다
dive,잠수
diverse,다양한
divide,나누다
divine,신성한
divorce,이혼
do,하다
doctor,의사
document,문서
dog,개
doll,인형
dolphin,돌고래
domain,도메인
domestic,국내의
dominant,우성
donate,기부하다
door,문
dose,정량
dot,점
double,더블
doubt,의심
down,아래에
dozen,다스
draft,초안
drag,견인
drain,물을 빼다
draw,그리다
drawer,서랍
dread,공포
dream,꿈
drink,마시다
drive,운전하다
drop,떨어지다
drown,안 들리게 하다
drug,의약품
dry,마른
dual,듀얼
duck,오리
due,~로 인한
dull,따분한
dump,덤프
during,~ 동안
dust,먼지
duty,의무
dwell,머무르다
dynamic,동적
each,각
eager,열렬한
ear,귀
early,일찍
earn,벌다
earth,지구
ease,쉬움
east,동쪽
easy,쉬운
eat,먹다
economy,경제
edge,가장자리
edit,편집하다
educate,기르다
effect,효과
effective,효과적인
efficient,효율적인
effort,노력
egg,계란
either,어느 하나
elaborate,정교한
elect,선택된
electric,전기 같은
electronic,전자
elegant,우아한
element,요소
elementary,초등학교
elephant,코끼리
eliminate,제거하다
else,또 다른
embarrass,난처하게 하다
embassy,대사관
embrace,포옹하다
emerge,알려지다
emergency,비상
emit,방출하다
emotion,감정
emphasis,중요성
empire,제국
employ,고용
empty,비어 있는
enclose,넣다
encounter,맞닥뜨리다
encourage,장려하다
end,끝
endure,견디다
enemy,적
enforce,억지로 시키다
engage,관계를 맺다
engine,엔진
engineer,엔지니어
enhance,향상시키다
enjoy,즐기다
enormous,막대한
enough,충분한
enroll,싸다
ensure,ensure
enter,입력하다
enterprise,기업
entertain,즐겁게 하다
enthusiastic,열렬한
entire,전체
entitle,자격을 부여하다
entry,기입
envelope,봉투
environment,환경
envy,부러움
episode,삽화
equal,동일한
equate,같게 하다
equipment,장비
era,연대
eraser,지우개
erect,세우다
error,오류
escape,탈출하다
escort,호위
especially,특히
essential,필수적인
establish,설립하다
estate,사유지
estimate,추정
etc,등
ethical,윤리적인
ethnic,민족
evacuate,대피
evaluate,평가하다
eve,이브
even,심지어
evening,저녁
eventually,결국
ever,항상
every,모든
evident,분명한
evil,사악한
evolution,진화
evolve,진화하다
exact,정확한
exaggerate,과장하다
exam,시험
examine,조사하다
example,예
exceed,초과하다
excellent,훌륭한
except,제외하고
excess,과잉
exchange,교환
excite,일으키다
exclude,들어오지 못하게 하다
exclusive,독점적인
excuse,변명
executive,경영진
exercise,운동
exhaust,배기가스
exhibit,전시하다
exist,존재하다
exit,출구
exotic,이국적인
expand,확장하다
expect,예상하다
expense,비용
expensive,값비싼
experience,경험
experiment,실험
expert,전문가
expertise,전문적 지식
explain,설명하다
explicit,명백한
explode,터지다
explore,탐구하다
export,내보내다
expose,폭로하다
express,표현하다
extend,연장하다
extent,정도
external,외부
extinct,멸종된
extra,추가의
extract,발췌
extraordinary,기이한
extreme,극심한
eye,눈
eyebrow,눈썹
fabric,구조
face,얼굴
facilitate,가능하게 하다
facility,시설
fact,사실
factor,요인
factory,공장
faculty,학부
fade,바래다
fail,실패하다
faint,희미한
fair,공정한
faith,믿음
fall,떨어지다
false,거짓
fame,명성
familiar,친숙한
family,가족
famous,유명한
fan,팬
fancy,팬시한
fantastic,환상적인
far,멀리
fare,요금
farm,농장
fascinate,홀리다
fast,빠른
fasten,묶다
fat,지방
fatal,치명적인
fate,운명
father,아버지
fault,잘못
favor,호의
favorite,가장 좋아하는
fear,두려움
feature,특징
federal,연방
fee,요금
feed,밥을 먹이다
feel,느끼다
fellow,사람
female,여성
ferry,나룻배
fertile,비옥한
fever,발열
few,약간의
fiber,섬유
field,필드
fierce,사나운
fight,싸움
figure,수치
file,파일
fill,채우다
filter,필터
final,결정적인
finance,재원
find,찾다
fine,괜찮은
finger,손가락
finish,마치다
finite,한정된
fire,불
firm,단단한
fish,물고기
fist,주먹
fit,맞다
fix,고치다
flag,깃발
flame,불꽃
flash,플래시
flat,평평한
flavor,맛
flaw,결함
flee,서두르다
flesh,육체
flexible,유연한
flight,비행
flip,튀기다
float,뜨다
flock,대군
flood,홍수
floor,바닥
flourish,융성
flow,흐름
flower,꽃
fluid,체액
flush,플러시
fly,파리
focus,집중하다
fog,안개
fold,겹
folk,사람들
follow,따르다
fond,다정한
food,음식
fool,바보
foot,발
football,축구
for,~을 위한
forbid,금지하다
force,힘
forecast,예측
forehead,이마
foreign,외국의
forest,숲
forever,영원히
forget,잊다
forgive,용서하다
form,형태
formal,공식적인
format,체재
formation,형성
former,이전의
formula,공식
forth,앞으로
fortunate,운이 좋은
fortune,행운
forum,법정
forward,앞으로
foster,기르다
foundation,기반
fountain,분수
fox,여우
fraction,분수
frame,액자
framework,뼈대
frankly,솔직히
free,무료
freeze,꼭 매달리게 하다
frequent,잦은
fresh,신선한
friend,친구
fright,공포
frog,개구리
from,~에서
front,앞쪽
frost,서리
frown,찌푸린 얼굴
fruit,과일
frustrate,좌절시키다
fry,튀김
fuel,연료
fulfil,다하다
full,가득한
fun,재미있는
function,기능
fund,축적
fundamental,근본적인
funeral,장례식
fur,털
furious,맹렬한
furnish,주다
furniture,가구
furthermore,뿐만 아니라
fuse,퓨즈
future,미래
gain,얻다
gamble,도박
gang,가다
gap,갭
garage,차고
garden,정원
gasoline,가솔린
gate,문
gather,모으다
gaze,시선
gear,기어
gender,성별
gene,유전자
general,일반적인
generate,생성하다
generation,세대
generous,관대한
genius,천재
genre,장르
gentle,온화한
gentleman,신사
genuine,진실한
geography,지리학
geology,지질학
gesture,몸짓
get,얻다
ghost,귀신
giant,거대한
gift,선물
giraffe,기린
girl,소녀
give,주다
glad,기쁜
glance,섬광
glare,섬광
glass,유리
glimpse,일견
global,글로벌
glory,영광
glove,장갑
glow,불타는 듯한 빛깔
glue,접착제
go,가다
goal,목표
goat,염소
god,하나님
gold,금
good,좋은
goodbye,안녕히 가세요
goods,상품
gorgeous,아주 멋진
govern,통치하다
grab,붙잡다
grace,우아함
grade,등급
gradual,점진적인
graduate,졸업하다
grain,곡물
grand,멋진
grandfather,할아버지
grant,승인하다
grape,포도
graphic,그래픽
grasp,파악
grass,잔디
grateful,고마워하는
grave,무덤
great,엄청난
greed,탐욕
green,녹색
greet,환영하다
grey,회색
grief,고통
grip,꽉 붙잡음
grocery,식료품점
gross,역겨운
ground,지면
group,그룹
grow,자라다
guarantee,보장하다
guardian,보호자
guess,추측하다
guest,손님
guide,가이드
guideline,지침
guilty,죄책감이 드는
gulf,만
gun,총
guy,남자
gymnasium,연무장
habit,습관
habitat,서식지
hair,머리카락
half,반
hall,홀
halt,정지
hammer,망치
hand,손
handicap,핸디캡
handle,핸들
handsome,멋있는
hang,걸다
happen,일어나다
happy,행복하다
harbor,항구
hard,딱딱한
hardly,거의 ~ 아니다
harm,피해
harsh,가혹한
harvest,수확하다
haste,서두름
hat,모자
hate,싫어하다
haunt,나타나다
have,가지다
hazard,위험
he,그
head,머리
headache,두통
headquarters,본부
heal,치유하다
health,건강
hear,듣다
heart,마음
heat,열
heaven,천국
heavy,무거운
heel,힐
height,키
heir,후계자
helicopter,헬리콥터
hell,지옥
hello,안녕하세요
help,돕다
hence,따라서
here,여기
heritage,유산
hero,영웅
hesitate,망설이다
hide,숨다
high,높은
highway,고속도로
hill,언덕
hip,잘 알고 있기
hire,고용하다
history,역사
hit,때리다
hobby,취미
hold,잡고 있다
hole,구멍
holiday,휴일
holy,거룩한
home,집
homework,숙제
honest,솔직한
honey,꿀
honor,명예
hook,훅
hope,희망
horizon,수평선
horn,뿔
horror,공포
horse,말
hospital,병원
host,주인
hostage,인질
hostile,적의
hot,더운
hour,시간
house,집
household,가정
how,어떻게
however,하지만
hug,껴안다
huge,거대한
human,인간
humor,기분
hundred,백
hungry,배고픈
hunt,사냥
hurry,서두르다
hurt,아프다
husband,남편
hut,오두막
hypothesis,가설
I,나
ice,얼음
idea,아이디어
ideal,이상적인
identical,동일한
identify,식별하다
ideology,관념론
if,만약에
ignore,무시하다
ill,아픈
illusion,환각
illustrate,설명하다
imagine,상상하다
imitate,본뜨다
immediate,즉각적인
immense,엄청난
immigrate,이민하다
immune,면역성 있는
impact,영향
imperial,장엄한
implement,구현하다
imply,암시하다
import,수입
important,중요한
impose,부과하다
impress,감탄시키다
improve,개선하다
in,~에
incentive,자극
incident,사건
incline,경사
include,포함하다
income,소득
incorporate,포함하다
increase,증가하다
incredible,믿을 수 없는
indeed,물론
independent,독립적인
index,색인
indicate,나타내다
individual,개인
induce,유도하다
industry,산업
inevitable,불가피한
infant,유아
infect,감염시키다
infer,미루다
inflate,부풀게 하다
influence,영향
inform,알리다
informal,비공식
ingredient,재료
inhabit,거주하다
inherent,고유의
inhibit,억제하다
initial,초기의
initiate,시작하다
inject,주입하다
injure,해치다
inn,여인숙
innocent,순결한
innovate,받아 들여 쓰다
input,입력
inquire,문의
insect,곤충
insert,끼워 넣다
inside,내부에
insight,통찰력
insist,주장하다
inspect,검사하다
inspire,고무하다
install,설치하다
instance,사례
instant,즉각적인
instead,대신에
instinct,본능
institute,학회
instruct,지시하다
instrument,기구
insult,모욕
insure,안전하게 하다
integrate,통합하다
intellectual,지적인
intelligent,지능적인
intend,의도하다
intense,극심한
intent,의지
interact,상호작용하다
interest,관심
interfere,간섭하다
intermediate,중급
internal,내부
international,국제적인
interpret,해석하다
interrupt,방해하다
interval,간격
intervene,개입하다
intimate,친밀한
into,~ 안으로
intrigue,음모
introduce,소개하다
invade,침략하다
invent,꾸미다
invest,투자하다
investigate,조사하다
invite,초대하다
involve,관련시키다
iron,철
irony,반어
irritate,짜증나게 하다
island,섬
isolate,격리하다
it,그것
item,안건
jail,교도소
jar,항아리
jaw,턱
jeans,청바지
jet,제트기
job,직업
jog,가벼운 흔들림
join,가입하다
joint,관절
joke,농담
journal,신문
journey,여행
joy,기쁨
judge,판사
judicial,사법
junior,후진
jury,배심
just,단지
justice,정당성
justify,신이 옳다고 하다
keen,날카로운
keep,유지하다
key,열쇠
kick,발 차기
kid,어린이
kill,죽이다
kind,친절한
king,왕
kit,전부
kitchen,주방
knee,무릎
knife,칼
knight,기사
knock,노크
knot,매듭
know,알다
label,상표
labor,노동
laboratory,실혐실
lack,부족
ladder,사다리
lady,숙녀
lake,호수
lamb,양고기
lamp,램프
land,땅
landscape,풍경
lane,레인
language,언어
lap,무릎
large,크기가 큰
last,마지막
late,늦은
latter,후자
laugh,웃다
launch,시작하다
laundry,빨래
law,법
lawn,잔디
lawyer,변호사
lay,놓다
layer,층
lazy,게으른
lead,선두
leaf,잎
leak,새다
lean,기대다
leap,뛰다
learn,배우다
lease,임차권
leather,가죽
leave,떠나다
lecture,강의
left,왼쪽
leg,다리
legal,합법적인
legend,전설
legislate,입법하다
legitimate,정당한
leisure,여가
lend,빌려주다
lesson,수업
let,허락하다
letter,편지
level,수준
liberal,많은
liberty,자유
library,도서관
license,특허
lid,뚜껑
lie,거짓말하다
lift,승강기
light,빛
like,좋다
likely,~할 것 같은
likewise,비슷하게
limit,한계
line,선
linguistic,언어적인
link,링크
lion,사자
lip,말뿐인
liquid,액체
list,목록
listen,듣다
literal,오자
literature,문학
little,작은
live,살다
livingroom,거실
load,짐
loan,대출
local,현지의
locate,위치하고 있다
lock,잠그다
log,통나무
logic,논리
lone,고독한
long,긴
look,바라보다
loose,헐렁한
lose,잃다
loss,손실
lot,많은
loud,시끄러운
lounge,라운지
love,사랑
low,낮은
loyal,충실한
luck,운
lump,덩어리
lunch,점심
luxury,사치
machine,기계
mad,미친
magazine,잡지
magnet,자석
magnificent,웅장한
mail,우편
main,기본
maintain,유지하다
major,주요한
majority,다수
make,만들다
male,남성
man,남성
manage,관리하다
manifest,명백한
manipulate,조종하다
manner,방법
manufacture,제조
many,많은
map,지도
margin,여유
marine,선박
mark,표시
marry,결혼하다
marvel,마블
mass,대량의
master,주인
match,성냥
mate,친구
material,재료
mathematics,수학
matter,문제
mature,성숙한
maximum,최고
may,5월
maybe,아마도
mayor,시장
meal,식사
mean,평균
meantime,그 동안에
meanwhile,그 동안에
measure,측정하다
meat,고기
mechanic,정비공
mechanism,기구
mediate,중재하다
medical,의료
medicine,약
medieval,중세의
medium,중간
meet,만나다
melt,녹다
memory,메모리
mental,정신적인
mention,언급하다
merchant,상인
mere,단지
merge,병합
merit,장점
mess,엉망
metal,금속
method,방법
metropolitan,대주교
microphone,마이크로폰
microwave,마이크로파
middle,가운데
might,~할 것 같다
migrate,이주하다
mild,경증
military,군대
milk,우유
mill,밀
million,백만
mind,정신
miner,갱부
mineral,광물
minimal,최소한의
minimum,최저한의
ministry,내각
minor,미성년자
minute,분
miracle,기적
mirror,거울
miss,놓치다
missile,미사일
mission,사명
mistake,실수
mix,혼합
mobile,이동하는
mock,모조품
mode,방법
moderate,보통의
modern,현대의
modest,보통의
modify,수정하다
moisture,수분
molecule,분자
moment,순간
money,돈
monitor,감시 장치
monkey,원숭이
monster,괴물
month,월
monument,기념물
mood,분위기
moon,달
moral,도의적인
moreover,게다가
morning,아침
mortal,치명적인
mother,어머니
motion,운동
motive,동기
mount,산
mountain,산
mouse,생쥐
mouth,입
move,이동하다
movie,영화
much,많이
mud,진흙
multiple,다수의
multiply,곱하다
murder,살인
muscle,근육
museum,박물관
mushroom,버섯
music,음악
must,~ 해야 하다
mutual,상호간의
myth,신화
nail,못
naive,순진한
naked,적나라한
name,이름
nanny,여자 이름
narrate,말하다
narrow,좁은
nasty,끔찍한
nation,국가
native,토종의
nature,자연
navy,해군
near,가까운
neat,정돈된
necessary,필요한
neck,목
need,필요
needle,바늘
negative,부정적인
neglect,소홀히 하다
negotiate,협상하다
neighbor,이웃
neither,어느 것도 아니다
nephew,조카
nervous,불안한
nest,둥지
net,그물
network,회로망
neutral,중립적
never,절대
nevertheless,그럼에도 불구하고
new,새로운
newspaper,신문
next,다음
nice,멋진
night,밤
nightmare,악몽
no,아니요
noble,고귀한
nobody,아무도
nod,목례
noise,소음
nominate,지명하다
none,없음
nonetheless,그럼에도 불구하고
nonsense,무의미한 말
noon,정오
nor,...도 아니다
norm,표준
normal,정상
north,북쪽
nose,코
not,~ 아니다
note,메모
nothing,아무것도 아님
notice,알아채다
notion,개념
novel,소설
now,지금
nowadays,요즘에는
nowhere,아무데도
nuclear,핵무기
number,숫자
numerous,많은
nun,수녀
nurse,간호사
nut,너트
oak,참나무
obey,순종하다
object,물체
objective,목적
oblige,의무를 다하다
observe,관찰하다
obsess,들리다
obtain,얻다
obvious,분명한
occasion,기회
occupation,직업
occupy,점유하다
occur,발생하다
ocean,대양
odd,이상한
of,~의
off,끄다
offend,공격하다
offer,권하다
office,사무실
officer,장교
official,공식적인
often,자주
oil,기름
old,오래된
olive,올리브
on,~에
once,한 번
one,하나
only,오직
open,열려 있는
operate,작동하다
opinion,의견
opportunity,기회
oppose,대들다
optimist,낙천주의자
option,옵션
or,또는
oral,경구
orbit,궤도
orchestra,오케스트라
order,주문하다
ordinary,평범한
organ,오르간
organic,본질적인
organize,정리하다
orient,동양
origin,기원
other,다른
otherwise,그렇지 않으면
ought,영
ounce,온스
out,밖으로
outcome,결과
outline,개요
output,산출
outrage,격분
outstanding,뛰어난
over,~ 위에
overall,전반적인
overcome,극복하다
overhead,간접비
overlap,겹치다
overlook,간과하다
overnight,밤새
oversea,해외
overwhelm,압도하다
owe,빚지다
own,소유하다
pace,속도
pack,팩
packet,패킷
pad,인주
pain,통증
paint,페인트
pair,쌍
palace,궁전
pale,창백한
palm,손바닥
pan,팬
panel,패널
panic,공황
pants,바지
paper,종이
paragraph,절
parallel,평행한
pardon,뭐라고요
parent,부모의
park,공원
parliament,의회
part,부분
participate,참가하다
particle,입자
particular,특정한
pass,통과하다
passage,통로
passenger,승객
passion,열정
passport,여권
past,과거
pat,가볍게 두드리기
patch,반점
patent,특허
path,길
patient,인내심 있는
patrol,순찰
pattern,무늬
pause,정지시키다
pave,포장길
pay,지불하다
peace,평화
peak,정점
pear,배
peasant,농부
peel,껍질
peer,또래
penalty,패널티
pencil,연필
people,사람들
pepper,후추
per,당
perceive,감지하다
perfect,완벽한
perform,공연하다
perhaps,아마도
period,기간
permanent,영구적인
permit,허용하다
persist,지속하다
person,사람
personality,성격
perspective,관점
persuade,설득하다
pet,애완 동물
phase,단계
phenomenon,현상
philosophy,철학
photograph,사진
phrase,구절
physical,물리적
physics,물리학
pick,선택하다
picnic,피크닉
picture,그림
piece,조각
pig,돼지
pile,말뚝
pill,알약
pin,핀
pinch,꼬집다
pine,소나무
pink,분홍색
pioneer,개척자
pitch,정점
pity,연민
place,장소
plain,솔직한
plan,계획
planet,행성
plant,식물
plate,그릇
platform,플랫폼
play,놀다
pleasant,즐거운
please,제발
pleasure,기쁨
plenty,풍부한
plot,구성
plus,...을 더한
P.M.,오후.
pocket,포켓
poem,시
poet,시인
point,가리키다
poison,독
polar,극선
pole,폴
police,경찰
policy,정책
polish,광택
polite,예의 바른
politics,정치
poll,투표
pollute,오염시키다
pond,연못
pool,수영장
poor,가난한
pop,팝
pope,로마 교황
popular,인기 있는
population,인구
pork,돼지고기
port,포트
portion,부분
portrait,초상화
pose,포즈
position,위치
positive,긍정적인
possess,붙잡다
possible,가능한
post,우편
poster,포스터
pot,냄비
potato,감자
potential,잠재적인
pour,붓다
powder,가루
power,힘
practical,현실적인
practice,관행
praise,칭찬
pray,기도하다
preach,설교
precede,앞서다
precious,귀중한
precise,정밀한
predator,포식자
predict,예측하다
prefer,선호하다
pregnant,임신한
prejudice,편견
premier,수상
premium,프리미엄
prepare,준비하다
prescribe,처방하다
presence,있음
present,현재의
preserve,보존하다
president,대통령
press,누르다
presume,추정하다
pretend,~인 척하다
pretty,예쁜
prevail,만연하다
prevent,예방하다
previous,이전의
prey,먹이
price,가격
pride,자부심
priest,성직자
primary,주요한
prime,초기
primitive,원어
prince,왕자
principal,주요한
principle,원칙
print,인쇄
prior,이전의
prison,감옥
privacy,은둔
private,사적인
privilege,특권
prize,상
probably,아마
problem,문제
procedure,절차
proceed,진행하다
process,프로세스
produce,생산하다
profession,직업
professor,교수
profile,프로필
profit,이익
profound,심오한
progress,진전
prohibit,금지하다
prominent,중요한
promise,약속하다
promote,홍보하다
prompt,즉각적인
pronounce,발음하다
proof,증거
proper,적절한
property,재산
proportion,비율
propose,제안하다
prospect,전망
prosper,번영하다
protect,보호하다
protein,단백질
protest,항의
proud,자랑스러운
prove,입증하다
provide,제공하다
province,주
provoke,화나게 하다
psychology,심리학
pub,선술집
public,공공의
publish,출판하다
pull,당기다
pump,펌프
punch,펀치
punish,벌하다
pupil,학생
puppy,강아지
purchase,구입
pure,순수한
purple,보라
purpose,목적
pursue,추구하다
push,푸시
put,놓다
puzzle,퍼즐
qualify,자격을 갖추다
quality,품질
quantity,수량
quarter,4분의 1
queen,여왕
question,질문
questionnaire,설문지
quick,빠른
quiet,조용한
quit,그만두다
quite,상당히
quote,인용하다
rabbit,토끼
race,경주
racial,인종
rage,격노
rail,레일
rain,비
rainbow,무지개
raise,들어올리다
rally,랠리
random,무작위의
range,범위
rank,계급
rapid,빠른
rare,희귀한
rat,쥐
rate,비율
rather,꽤
rational,합리적인
raw,날것의
reach,도달하다
react,반응하다
read,읽다
ready,준비가 된
real,진짜
realize,깨닫다
rear,뒤쪽
reason,이유
rebel,반역자
recall,상기하다
receipt,영수증
receive,받다
recent,최근의
reception,리셉션
recipe,레시피
recognize,인정하다
recommend,추천하다
record,기록
recover,다시 덮다
recruit,모집하다
recycle,재활용
red,빨간색
reduce,줄이다
refer,나타내다
refine,다듬다
reflect,반영하다
reform,개정
refrigerator,냉장고
refuse,거절하다
regard,관심
region,지역
register,등록하다
regret,후회
regular,정기적인
regulate,규제하다
reinforce,강화하다
reject,거부하다
relate,말하다
relative,상대적인
relax,안심하다
release,풀어 주다
relevant,관련 있는
relieve,완화
religion,종교
reluctant,주저하는
rely,의존하다
remain,유지하다
remark,주목
remedy,치료
remember,기억하다
remind,상기시키다
remote,원격
remove,제거하다
rent,임차료
repair,수리하다
repeat,반복하다
replace,바꾸다
reply,회신하다
report,보고서
represent,대표하다
republic,공화국
reputation,평판
request,요구
require,필요하다
rescue,구조하다
research,연구
resemble,닮다
reserve,예약하다
reside,살다
resign,사직하다
resist,저항하다
resolve,해결하다
resort,의지
resource,자원
respect,존경
respective,각각의
respond,대답하다
responsible,책임이 있는
rest,나머지
restaurant,식당
restore,복원하다
restrain,제지하다
restrict,얽매다
restroom,화장실
result,결과
resume,재개하다
retail,소매
retain,유지하다
retire,은퇴하다
retreat,후퇴
return,반품
reveal,드러내다
revenge,복수
reverse,뒤집다
review,검토
revise,개정하다
revive,부활시키다
revolution,혁명
reward,보상
rhythm,율
rice,쌀
rich,부자
rid,제거하다
ride,타다
ridiculous,말도 안 되는
right,오른쪽
ring,반지
riot,폭동
rise,증가
risk,위험
rival,경쟁자
river,강
road,도로
roar,노호
roast,구운
rob,털다
rock,바위
rod,막대
role,역할
roll,롤
romantic,낭만적인
roof,지붕
room,방
root,뿌리
rope,로프
rot,썩음
rough,거친
round,둥근
route,노선
routine,루틴
row,열
royal,왕실의
rub,장애
rubber,고무
rude,무례한
ruin,망치다
rule,규칙
rumor,소문
run,달리다
rural,시골의
rush,서두르다
sack,해고
sacred,신성한
sacrifice,희생
sad,슬퍼
safe,안전한
sail,돛
salary,샐러리
sale,판매
salon,가게
salt,소금
same,같은
sand,모래
satellite,위성
satisfy,풀다
save,구하다
say,말하다
scale,규모
scan,주사
scandal,스캔들
scarce,부족한
scare,공황
scatter,흩어지게하다
scene,장면
scheme,계획
scholar,학자
school,학교
science,과학
scissors,가위
scold,꾸짖다
scope,범위
score,점수
scramble,스크램블
scratch,할퀴다
scream,비명
screen,화면
screw,나사
scrub,미사일 발사 중지
sculpture,조각품
sea,바다
seal,밀봉하다
search,찾다
season,계절
seat,좌석
secret,비밀
secretary,비서
sector,부문
secure,안전한
see,보다
seed,씨앗
seek,구하다
seem,~인 것 같다
seize,잡다
select,선택하다
self,본인
sell,팔다
send,보내다
senior,상위
sensation,감각
sense,감각
sensible,현명한
sentence,문장
sentiment,감정
separate,분리된
sequence,순서
series,시리즈
serious,심각한
serve,제공하다
session,세션
settle,해결하다
several,여러 개의
severe,극심한
sew,꿰매다
sex,섹스
shade,그늘
shadow,그림자
shake,떨림
shall,~일 것이다
shallow,얕은
shame,창피
shape,모양
share,공유하다
sharp,날카로운
shave,깎다
she,그녀
sheep,양
sheet,시트
shelf,선반
shell,껍데기
shelter,대피소
shield,방패
shift,옮기다
shine,빛나는
ship,배
shock,충격
shoe,구두
shoot,사격
shop,가게
shore,지주
short,짧은
should,~해야 한다
shoulder,어깨
shout,외침
show,보여주다
shower,샤워
shrink,수축
shut,닫다
shy,수줍은
sick,아픈
side,옆
sigh,한숨을 쉬다
sight,시력
sign,징후
significant,중요한
silent,조용한
silk,실크
silly,바보 같은
silver,은
similar,비슷한
simple,단순한
simulate,시뮬레이션
simultaneous,동시
sin,죄
since,~부터
sing,노래하다
single,하나의
sink,싱크대
sister,자매
sit,앉다
site,대지
situation,상황
size,크기
skill,기술
skin,피부
skip,건너뛰다
skirt,치마
sky,하늘
slaughter,학살
slave,노예
sleep,잠
slice,일부분
slide,미끄러지 다
slight,근소한
slim,날씬한
slip,슬립
slope,경사
slow,느린
small,작은
smart,똑똑한
smash,스매시
smell,냄새가 나다
smile,웃다
smoke,연기
smooth,매끄러운
snake,뱀
snap,스냅
sneak,좀도둑
sniff,맡다
snow,눈
so,그래서
soak,담그다
soap,비누
soccer,축구
social,사회의
society,사회
sociology,사회학
sock,양말
soft,부드러운
software,소프트웨어
soil,토양
soldier,군인
sole,밑창
solid,단단한
solo,독주
solve,해결하다
some,일부
somewhat,약간
son,아들
song,노래
soon,곧
sophisticated,정교한
sore,아픈
sorry,죄송합니다
sort,종류
soul,영혼
sound,소리
sour,시큼한
source,원천
south,남쪽
space,공간
span,기간
spare,여분의
spark,불꽃
speak,말하다
special,특별한
species,종
specific,특정한
spectacle,안경
spectrum,스펙트럼
speech,연설
speed,속도
spell,주문
spend,경비
sphere,구체
spill,엎지르다
spin,회전
spirit,영혼
spit,침
spite,악의
splash,튀김
split,나뉘다
spoil,약탈
spoon,숟가락
spot,점
spouse,배우자
spread,확산
square,정사각형
squeeze,짜내다
stable,안정적인
stack,스택
stage,단계
stain,얼룩
stairs,계단
stamp,우표
stand,서다
standard,기준
stare,응시
start,시작
starve,굶어 죽다
state,상태
station,역
statistic,통계량
statue,동상
status,상태
stay,머무르다
steady,꾸준한
steal,훔치다
steam,증기
steel,강철
steep,험한
stem,줄기
step,단계
stick,막대
stiff,뻣뻣한
still,아직
stimulate,자극하다
stir,젓다
stitch,땀
stock,재고
stomach,위
stone,결석
stop,멈추다
store,가게
storm,폭풍
story,이야기
stove,난로
straight,똑바로
strain,부담
strange,이상한
strategy,전략
straw,빨대
strawberry,딸기
stream,개울
street,거리
stress,스트레스
stretch,뻗기
strict,엄격한
strike,스트라이크
string,끈
strip,조각
stripe,줄무늬
stroke,뇌졸중
strong,강한
structure,구조
struggle,고심하다
student,학생
study,공부하다
stuff,물건
subject,주제
subjective,주걱
submarine,잠수함
submit,제출하다
subscribe,구독하다
substance,물질
substantial,상당한
substitute,대리자
subtle,미묘한
suburb,근교
subway,지하철
succeed,성공하다
such,그런
suck,빨다
sudden,갑자기
suffer,시달리다
sufficient,충분한
sugar,설탕
suggest,제안하다
suicide,자살
suit,정장
suite,모음곡
sum,합집합
summary,요약
summit,정상 회담
sun,해
super,감독자
superb,훌륭한
superior,우수한
supervise,감독하다
supper,저녁
supplement,보충
supply,공급
support,지원하다
suppose,가정하다
sure,확신하는
surface,표면
surgery,수술
surprise,놀라다
surrender,항복
surround,둘러 싸다
survey,조사
survive,생존하다
suspect,의심하다
suspend,유예하다
sustain,지속시키다
swallow,삼키다
swear,욕을 하다
sweat,땀
sweep,스위프
sweet,달콤한
swell,팽창
swift,빠른
swim,수영
swing,그네
switch,스위치
symbol,상징
sympathy,동정
symphony,교향곡
symptom,징후
system,체계
table,테이블
tackle,태클
tag,꼬리표
tail,꼬리
take,가져가다
tale,이야기
talent,재능
talk,말하다
tall,키가 큰
tap,수도꼭지
tape,줄자
target,표적
task,일
taste,맛
tattoo,타투
tax,세
tea,차
teach,가르치다
tear,눈물
tease,놀리다
teen,비탄
teenage,십대의
telegraph,전신
telephone,전화
tell,말하다
temperature,온도
temple,절
temporary,일시적인
tempt,유혹하다
tenant,거주자
tend,추세
tender,부드러운
tense,시제
term,용어
terminal,단말기
terminate,끝내다
terrace,테라스
terrible,끔찍한
terrific,훌륭한
territory,지역
test,시험
testify,증언하다
text,텍스트
textbook,교과서
than,~보다
thank,감사하다
that,저것
the,그만큼
theater,극장
theme,주제
then,그 다음에
theory,이론
therapy,요법
there,거기
therefore,그러므로
they,그들
thick,두꺼운
thief,도둑
thin,얇은
thing,물건
think,생각하다
thirst,갈증
this,이것
thorough,철저한
though,그렇지만
thousand,천
thread,실
threat,위협
thrill,스릴
throat,목
through,~을 통해
throw,던지다
thumb,무지
thus,따라서
tick,진드기
tide,조류
tidy,정돈하다
tie,묶다
tiger,호랑이
tight,단단한
till,...까지
timber,재목
time,시간
tin,주석
tiny,매우 작은
tip,팁
tire,타이어
tissue,조직
title,제목
to,에게
tobacco,담배
today,오늘
toe,발가락
together,함께
toilet,화장실
tomorrow,내일
tone,음정
tongue,혀
tonight,오늘 밤
too,~도
tool,도구
tooth,이빨
top,맨 위
torture,고문
toss,던져 올림
total,총
touch,만지다
tough,힘든
tour,관광
toward,~ 을 향하여
tower,탑
town,도시
toxic,독성
toy,장난감
trace,추적하다
trade,거래
tradition,전통
traffic,교통
tragic,비참한
trail,자취
train,기차
transact,거래하다
transfer,옮기다
transform,변환
transition,이행
translate,번역하다
transmit,부치다
transport,수송
trap,덫
travel,여행하다
tray,쟁반
treasure,보물
treat,대하다
treaty,조약
tree,나무
tremendous,엄청난
trend,경향
trial,재판
triangle,삼각형
tribe,부족
trick,장난
trigger,방아쇠
trim,손질
trip,여행
triumph,승리
troop,군대
trophy,트로피
trouble,문제
trouser,바지
true,진실
trunk,트렁크
trust,신뢰하다
truth,진실
try,노력하다
tube,튜브
tune,곡조
tunnel,터널
turn,회전하다
turnover,회전율
tutor,가정 교사
twice,두 배
twin,쌍
twist,트위스트
type,유형
typical,전형적인
ugly,못생긴
ultimate,궁극적인
umbrella,우산
uncle,삼촌
under,아래에
undergo,받다
underlie,기초가 되는
undermine,훼손하다
understand,이해하다
undertake,맡다
uniform,제복
unify,하나로 하다
union,노동 조합
unique,고유한
unit,단위
unite,맞잡다
universe,우주
university,대학교
unless,~하지 않는 한
until,~까지
up,위로
update,업데이트
upon,...에
upper,높은
upset,속상한
upward,상승
urban,도시의
urge,충고하다
urgent,긴급한
use,사용
usual,보통의
utilize,활용하다
utter,전적인
vacation,휴가
vacuum,진공
vague,희미한
valid,유효한
valley,골짜기
value,값
van,봉고차
vanish,사라지다
various,다양한
vary,달라지다
vast,대단한
vegetable,채소
vehicle,차량
venture,투기
verbal,언어 적
verse,절
version,버전
versus,~ 대
vertical,수직의
very,매우
vessel,선박
veteran,재향 군인
veterinarian,수의사
via,~을 통해
vice,바이스
victim,피해자
victory,승리
view,보다
vigorous,원기 왕성한
village,마을
violent,폭력적인
virgin,숫처녀
virtual,가상
virtue,덕
visible,보이는
visit,방문하다
visual,시각적
vital,필수적인
vivid,생생한
vocabulary,어휘
vocation,직업
voice,목소리
volume,용량
voluntary,자발적인
vote,투표
voyage,항해
wage,값
wagon,왜건
wait,기다리다
wake,일어나 다
walk,걷다
wall,벽
wander,떠돌다
want,원하다
war,전쟁
warehouse,창고
warm,따뜻한
warn,경고하다
warrant,보증
warrior,전사
wash,씻다
waste,쓰레기
watch,보다
water,물
watermelon,수박
wave,파도
way,방법
we,우리
weak,약한
wealth,재산
weapon,무기
wear,입다
weather,날씨
weave,짜다
wedding,혼례
weed,잡초
week,주
weekend,주말
weigh,달다
weight,무게
weird,기이한
welcome,환영
welfare,복지
well,잘
west,서쪽
wet,젖은
whale,고래
what,무엇
wheat,밀
wheel,바퀴
when,언제
where,어디
whereas,반면
whether,~이든
which,어느
while,~하는 동안
whip,채찍
whisper,속삭임
whistle,휘파람
white,하얀색
who,WHO
whole,전체
why,왜
wicked,사악한
wide,넓은
widespread,펼친
widow,과부
wife,부인
wild,야생의
will,~ 할 것이다
win,이기다
wind,바람
window,창문
wing,날개
wipe,닦음
wire,철사
wise,지혜로운
wish,소망
wit,재치
with,~와 함께
withdraw,철회하다
within,이내에
without,없이
witness,증인
woman,여성
wonder,궁금하다
wood,목재
wool,양모
word,단어
work,일하다
world,세계
worry,걱정하다
worship,예배
worth,가치
would,~일 것이다
wound,상처
wrap,포장하다
wreck,난파선
write,쓰다
wrong,잘못된
year,년도
yell,소리치다
yellow,노란색
yes,예
yesterday,어제
yet,아직
yield,생산하다
you,너
young,어린
zebra,얼룩말
zone,존
zoo,동물원
